id,in_id,in_moc1,in_moc2,in_moc3,in_qe1,in_qe2,in_qe3,in_qe4,in_p1,in_p2,in_p3,in_v1,in_v2,in_v3,in_a1,in_a2,in_a3,in_j1,in_j2,in_j3,in_s1,in_s2,in_s3,in_yaw1,in_yaw2,in_yaw3,in_estop,in_ack,frame1,frame2,frame3,frame4,frame5,frame6,frame7,frame8,frame9,frame10,frame11,frame12,frame13,frame14,frame15,frame16,frame17,frame18,frame19,frame20,frame21,frame22,frame23,frame24,frame25,frame26,frame27,frame28,frame29,frame30,frame31,frame32,frame33,frame34,frame35,frame36,frame37,frame38,frame39,frame40,frame41,frame42,frame43,frame44,frame45,frame46,frame47,frame48,frame49,frame50,frame51,frame52,frame53,frame54,frame55,frame56,frame57,frame58,frame59,frame60,frame61,frame62,frame63,frame64,frame65,frame66,frame67,frame68,frame69,frame70,frame71,frame72,frame73,frame74,frame75,frame76,frame77,frame78,frame79,frame80,frame81,frame82,frame83,frame84,frame85,frame86,frame87,frame88,frame89,frame90,frame91,frame92,frame93,frame94,frame95,frame96,frame97,frame98,frame99,frame100,frame101,frame102,frame103,frame104,frame105,frame106
hover,0,0,0,1,1,0,0,0,0,0,1,0,0,0,0,0,0,0,0,0,0,0,0,0,0,0,0,0,170,85,0,0,0,0,0,0,0,0,0,0,0,128,63,0,0,128,63,0,0,0,0,0,0,0,0,0,0,0,0,0,0,0,0,0,0,0,0,0,0,128,63,0,0,0,0,0,0,0,0,0,0,0,0,0,0,0,0,0,0,0,0,0,0,0,0,0,0,0,0,0,0,0,0,0,0,0,0,0,0,0,0,0,0,0,0,0,0,0,0,0,0,0,0,0,0,0,0,0,0,0,0,0,0,64
zeros,7,0,0,0,1,0,0,0,0,0,0,0,0,0,0,0,0,0,0,0,0,0,0,0,0,0,0,1,170,85,7,0,0,0,0,0,0,0,0,0,0,0,0,0,0,128,63,0,0,0,0,0,0,0,0,0,0,0,0,0,0,0,0,0,0,0,0,0,0,0,0,0,0,0,0,0,0,0,0,0,0,0,0,0,0,0,0,0,0,0,0,0,0,0,0,0,0,0,0,0,0,0,0,0,0,0,0,0,0,0,0,0,0,0,0,0,0,0,0,0,0,0,0,0,0,0,0,0,0,0,0,0,1,73
estop1,3,0,0,1,1,0,0,0,0,0,1,0,0,0,0,0,0,0,0,0,0,0,0,0,0,0,1,0,170,85,3,0,0,0,0,0,0,0,0,0,0,128,63,0,0,128,63,0,0,0,0,0,0,0,0,0,0,0,0,0,0,0,0,0,0,0,0,0,0,128,63,0,0,0,0,0,0,0,0,0,0,0,0,0,0,0,0,0,0,0,0,0,0,0,0,0,0,0,0,0,0,0,0,0,0,0,0,0,0,0,0,0,0,0,0,0,0,0,0,0,0,0,0,0,0,0,0,0,0,0,0,1,0,154
estop2_ack,15,0,0,1,1,0,0,0,0,0,1,0,0,0,0,0,0,0,0,0,0,0,0,0,0,0,2,1,170,85,15,0,0,0,0,0,0,0,0,0,0,128,63,0,0,128,63,0,0,0,0,0,0,0,0,0,0,0,0,0,0,0,0,0,0,0,0,0,0,128,63,0,0,0,0,0,0,0,0,0,0,0,0,0,0,0,0,0,0,0,0,0,0,0,0,0,0,0,0,0,0,0,0,0,0,0,0,0,0,0,0,0,0,0,0,0,0,0,0,0,0,0,0,0,0,0,0,0,0,0,0,2,1,151
mocap_inv,2,0,0,1,0,0,0,0,0,0,1,0,0,0,0,0,0,0,0,0,0,0,0,0,0,0,0,0,170,85,2,0,0,0,0,0,0,0,0,0,0,128,63,0,0,0,0,0,0,0,0,0,0,0,0,0,0,0,0,0,0,0,0,0,0,0,0,0,0,128,63,0,0,0,0,0,0,0,0,0,0,0,0,0,0,0,0,0,0,0,0,0,0,0,0,0,0,0,0,0,0,0,0,0,0,0,0,0,0,0,0,0,0,0,0,0,0,0,0,0,0,0,0,0,0,0,0,0,0,0,0,0,0,88
bigvals,1,5,-5,3,0.5,0.5,0.5,0.5,5,-5,3,9,-9,9,40,-40,30,150,-150,100,1500,-1500,900,3,-15,150,2,0,170,85,1,0,0,160,64,0,0,160,192,0,0,64,64,0,0,0,63,0,0,0,63,0,0,0,63,0,0,0,63,0,0,160,64,0,0,160,192,0,0,64,64,0,0,16,65,0,0,16,193,0,0,16,65,0,0,32,66,0,0,32,194,0,0,240,65,0,0,22,67,0,0,22,195,0,0,200,66,0,128,187,68,0,128,187,196,0,0,97,68,0,0,64,64,0,0,112,193,0,0,22,67,2,0,31
neg,8,-2,-2,-2,-1,0,0,0,-2,-2,-2,-9,9,-9,-30,30,-20,-100,100,-80,-900,900,-700,-3,15,-150,0,1,170,85,8,0,0,0,192,0,0,0,192,0,0,0,192,0,0,128,191,0,0,0,0,0,0,0,0,0,0,0,0,0,0,0,192,0,0,0,192,0,0,0,192,0,0,16,193,0,0,16,65,0,0,16,193,0,0,240,193,0,0,240,65,0,0,160,193,0,0,200,194,0,0,200,66,0,0,160,194,0,0,97,196,0,0,97,68,0,0,47,196,0,0,64,192,0,0,112,65,0,0,22,195,0,1,236
rand001,1,-1.0355070159909219,24.377524711883495,-15.092945549054093,-0.33633659886298434,-0.14752547355665241,0.80833747316718141,-0.4601135255465349,20.585759092263732,2.9125057432929147,14.161473423788056,-9.8761705190225371,-5.1349503256882869,-10.201634265478853,47.290615321739992,-54.218987674457686,-6.591882868369745,30.94694460120273,-68.142684867168953,97.246539974643838,2116.8404102180939,-2347.0346622889133,-1892.9728070500578,-2.6809363011401666,7.1448474887585656,-132.03319961354336,1,1,170,85,1,126,139,132,191,44,5,195,65,180,124,113,193,80,52,172,190,235,16,23,190,52,239,78,63,0,148,235,190,162,175,164,65,126,102,58,64,101,149,98,65,203,4,30,193,131,81,164,192,229,57,35,193,151,41,61,66,62,224,88,194,180,240,210,192,88,147,247,65,14,73,136,194,58,126,194,66,114,77,4,69,142,176,18,197,33,159,236,196,118,148,43,192,151,162,228,64,128,8,4,195,1,1,233
rand002,2,9.1288741586462212,18.969157959439826,9.146018609142569,0.74105914912120674,-0.44781987452126593,-0.50018669932108595,-0.010097688338838347,1.0143311716753145,-1.6497220741334528,-12.129969994523421,0.40141403499167616,3.7234896306999108,-0.49290571592804922,-35.138399974229372,-5.8939727431029709,52.791463285074315,-94.123137778741324,-238.49871580190319,-125.45207922042123,-1445.0827953521716,-1486.8663885669391,854.98669261661382,2.4224544397471592,17.727617470672836,-207.82560697890074,2,0,170,85,2,222,15,18,65,214,192,151,65,24,86,18,65,13,182,61,63,166,72,229,190,60,12,0,191,198,112,37,188,155,213,129,63,24,42,211,191,91,20,66,193,36,134,205,62,167,77,110,64,35,94,252,190,185,141,12,194,109,155,188,192,117,42,83,66,12,63,188,194,172,127,110,195,119,231,250,194,166,162,180,196,185,219,185,196,38,191,85,68,126,9,27,64,41,210,141,65,91,211,79,195,2,0,94
rand003,3,24.81496658043903,-1.8408731033509984,-6.3930846518554514,-0.28511130060617945,0.88494041552402092,-0.32288341099937745,0.17702629787755544,8.0936276868542443,8.6813812038347198,4.8785566653198389,4.3753909743865176,-20.158847870423308,24.869923189756456,16.467716986401509,-31.771280540302946,49.322043289748095,-165.89628724804618,-79.364889262431177,17.019750319438419,-655.726080956136,24.786192434844146,-159.13531514713418,-2.3253569464193227,10.298077260486792,-196.45292047902936,0,1,170,85,3,13,133,198,65,187,161,235,191,38,148,204,192,28,250,145,190,116,139,98,63,249,80,165,190,98,70,53,62,128,127,1,65,240,230,10,65,35,29,156,64,52,3,140,64,82,69,161,193,154,245,198,65,226,189,131,65,149,43,254,193,198,73,69,66,115,229,37,195,211,186,158,194,115,40,136,65,120,238,35,196,31,74,198,65,164,34,31,195,166,210,20,192,237,196,36,65,243,115,68,195,0,1,152
rand004,4,17.784285792113536,12.009075688274434,20.776370610056048,-0.76929408981477676,0.26032513593162399,0.23316172496419513,-0.53483926276027705,-10.823081467506279,-16.599670465784993,-13.377530787568054,16.078858655209476,17.632579427388062,-20.325433488538287,11.703631213137262,55.685515251733456,25.921779740013854,-220.78270755806133,50.314387690460208,237.23557717186384,2126.0111935819887,562.82842940436842,1952.9915232784417,-2.9740157434632364,21.606387957395377,-98.137682890730048,1,0,170,85,4,56,70,142,65,45,37,64,65,2,54,166,65,117,240,68,191,86,73,133,62,242,193,110,62,58,235,8,191,87,43,45,193,32,204,132,193,94,10,86,193,129,161,128,65,134,15,141,65,125,154,162,193,19,66,59,65,248,189,94,66,206,95,207,65,96,200,92,195,239,65,73,66,79,60,109,67,46,224,4,69,5,181,12,68,187,31,244,68,70,86,62,192,226,217,172,65,126,70,196,194,1,0,170
rand005,5,6.9092940092474242,8.1476824715149441,4.8408360850259573,0.84978769453394376,-0.10231102202602563,-0.42098153205667899,0.30027966740671258,-1.5533110560952579,20.911076747236795,9.4814251732195647,-3.7353688613663669,10.264411373042904,22.341059538133052,-53.27158233369817,-12.104353116597096,-41.414336901910204,217.26973372745999,97.969315307087584,98.44531508452414,409.90101057533815,-2155.365476842916,2233.9559694419659,3.8701342629319138,17.534576519056916,-125.99448555664888,2,1,170,85,5,240,24,221,64,232,92,2,65,33,232,154,64,176,139,89,63,113,136,209,189,228,138,215,190,66,190,153,62,230,210,198,191,227,73,167,65,235,179,23,65,73,16,111,192,7,59,36,65,125,186,178,65,26,22,85,194,110,171,65,193,72,168,37,194,13,69,89,67,74,240,195,66,0,228,196,66,84,243,204,67,217,181,6,197,76,159,11,69,72,176,119,64,208,70,140,65,45,253,251,194,2,1,12
rand006,6,-0.7960947414873687,13.970064512862933,14.344977184466517,-0.28614149183973447,-0.10447208630488942,0.69719863545188421,-0.64893966788513213,3.8352392432013049,-0.39881843210239909,8.8620956818796124,-10.249689503080194,-15.895756051323096,-10.717711140999524,21.615765585014369,-24.453240190092835,-32.169137894366251,-168.33308259370921,167.54914421208289,-156.42503212509291,497.44260402667942,1634.6370562122781,746.05200899727993,1.3830239456655657,16.213429937986991,-166.79475365127394,0,0,170,85,6,221,204,75,191,98,133,95,65,7,133,101,65,35,129,146,190,118,245,213,189,156,123,50,63,233,32,38,191,143,116,117,64,238,49,204,190,37,203,13,65,186,254,35,193,4,85,126,193,191,123,43,193,23,237,172,65,60,160,195,193,50,173,0,194,69,85,40,195,149,140,39,67,207,108,28,195,167,184,248,67,99,84,204,68,84,131,58,68,238,6,177,63,27,181,129,65,117,203,38,195,0,0,112
rand007,7,1.3948245779350998,21.610297874328623,-19.353612672577913,0.92413301615934218,0.17263008650339384,0.28026672954818377,0.1939783028754323,-16.07106494326349,-18.795897730389584,-4.1163600652986245,23.398464997578927,11.341919114930722,-8.7458838272631283,43.21519213129838,-42.534106738952495,44.475230838069379,22.522609669429649,-78.593857608031897,92.503411489621215,2384.3271276231658,-1705.8475087514014,-1017.345323716185,3.8110049358208622,18.627634577426289,95.706816927401348,1,1,170,85,7,157,137,178,63,228,225,172,65,51,212,154,193,251,147,108,63,241,197,48,62,31,127,143,62,64,162,70,62,138,145,128,193,0,94,150,193,57,185,131,192,14,48,187,65,128,120,53,65,36,239,11,193,91,220,44,66,237,34,42,194,163,230,49,66,78,46,180,65,14,48,157,194,191,1,185,66,60,5,21,69,31,59,213,196,26,86,126,196,129,231,115,64,101,5,149,65,228,105,191,66,1,1,106
rand008,8,-19.757501817552303,14.798805767028655,24.583858456319113,0.86178694105184461,-0.42377154824010604,-0.2612270088517995,-0.09747508902806834,-19.977659322152476,-24.833219458448792,-12.633399073767936,24.587965040075488,7.6113432201265097,17.647537825460525,-34.869046304664799,-46.720480052442888,-57.037717357340611,227.58194746232462,-8.4379964686192572,-216.92292630073794,-1501.8966418640684,-1428.1351239108803,-2368.4854819854822,-2.3384930258997638,16.217381628708061,-235.63703567786999,2,0,170,85,8,93,15,158,193,233,199,108,65,190,171,196,65,18,158,92,63,150,248,216,190,140,191,133,190,5,161,199,189,63,210,159,193,111,170,198,193,103,34,74,193,39,180,196,65,32,144,243,64,40,46,141,65,231,121,11,194,198,225,58,194,159,38,100,194,251,148,99,67,9,2,7,193,69,236,88,195,177,188,187,196,83,132,178,196,197,7,20,197,223,169,21,192,51,189,129,65,21,163,107,195,2,0,116
rand009,9,-15.452451732705729,14.894554866304311,18.418748943488389,-0.41077710875886814,-0.51274468777991655,0.72692560746244783,0.19983546554236128,5.0456602551861849,4.8468673580941317,1.5082829962327404,-13.935390589406493,-20.571713511683633,-2.6107928525131943,-9.627741330110112,-6.8321282202400857,-50.984399310863196,-109.92185610601169,-147.87541857833386,191.12175312767238,1239.5063831155555,858.71842922445433,-1303.7106563189266,-3.3468549420508631,-6.9114107744030822,116.17347882863533,0,1,170,85,9,62,61,119,193,25,80,110,65,153,89,147,65,97,81,210,190,60,67,3,191,204,23,58,63,171,161,76,62,12,118,161,64,138,25,155,64,107,15,193,63,92,247,94,193,223,146,164,193,59,23,39,192,58,11,26,193,203,160,218,192,6,240,75,194,254,215,219,194,27,224,19,195,43,31,63,67,52,240,154,68,251,173,86,68,190,246,162,196,223,50,86,192,71,42,221,192,210,88,232,66,0,1,187
rand010,10,-15.619084732489268,5.8002204541066691,-2.0365198500623629,0.096216051199648961,0.10178650575101665,0.49444879350241938,-0.85784752103304851,2.0444418963426916,-24.365415235678988,-0.65863572415322813,0.54450934016930796,8.8609117063113914,5.2679793928776251,-31.539380833454569,36.350766316104753,9.453863238313037,47.931663001408332,-79.97384785556288,-81.874279065312194,1453.7799244087184,-2142.724030691762,2344.3968460670535,-2.1169502674424958,-15.266637376710291,93.991080581572518,1,0,170,85,10,197,231,121,193,104,155,185,64,87,86,2,192,236,12,197,61,114,117,208,61,100,40,253,62,229,155,91,191,35,216,2,64,95,236,194,193,90,156,40,191,247,100,11,63,75,198,13,65,74,147,168,64,167,80,252,193,47,103,17,66,6,67,23,65,6,186,63,66,156,242,159,194,162,191,163,194,245,184,181,68,150,235,5,197,89,134,18,69,29,124,7,192,38,68,116,193,111,251,187,66,1,0,68
rand011,11,15.606910318501004,-5.1803914673069604,15.980417422719096,0.70547306862074333,0.6963143190745541,-0.10590849409381405,-0.078977904386940079,4.9112923433007269,24.991581401365959,-16.87986973968944,18.570549631846646,-8.053685555510631,-22.807674837122754,-20.233599479277942,3.0238727021129819,-10.5762578916445,-19.802048348514401,135.12756791401171,68.032735901596482,-449.63646149072389,334.565356557428,-1757.5186917516316,0.15678989149391143,-14.213255404612674,211.54018556003408,2,1,170,85,11,232,181,121,65,196,197,165,192,202,175,127,65,226,153,52,63,168,65,50,63,141,230,216,189,43,191,161,189,79,41,157,64,194,238,199,65,249,9,135,193,124,144,148,65,229,219,0,193,30,118,182,193,105,222,161,193,33,135,65,64,90,56,41,193,152,106,158,193,168,32,7,67,195,16,136,66,120,209,224,195,94,72,167,67,153,176,219,196,136,141,32,62,126,105,99,193,74,138,83,67,2,1,121
rand012,12,4.8560932606924396,-3.0898949079686377,22.929747885905222,-0.36653597735358356,0.5103978362332211,-0.2299112988471172,-0.7431596199581425,-20.20268673515897,-6.2750292462093622,-9.3504845812354027,6.0385286481012548,-24.035772495616985,-17.424551377445596,0.59748669452102554,43.704879337164613,38.423825825643611,-57.419869274787203,211.89660740541001,-99.404513779842546,645.80533304242624,1218.1298642292031,-2487.6650628353705,1.4964438380636158,11.534435681266352,190.54713485868413,0,0,170,85,12,30,101,155,64,215,192,69,192,32,112,183,65,155,170,187,190,111,169,2,63,222,109,107,190,181,63,62,191,26,159,161,193,10,205,200,192,150,155,21,193,160,59,193,64,67,73,192,193,123,101,139,193,227,244,24,63,204,209,46,66,255,177,25,66,242,173,101,194,136,229,83,67,28,207,198,194,139,115,33,68,40,68,152,68,164,122,27,197,121,139,191,63,12,141,56,65,17,140,62,67,0,0,61
rand013,13,12.498799749137907,10.110159147207021,-9.6809349059829355,0.6308138111925834,-0.65769165569329313,0.37512916732531371,0.16968715172905519,17.397398923286485,3.2030229667439514,-17.480813837761605,6.9562119515406087,-20.395459410292759,-16.593852233657174,15.252274448061861,-39.561645387843825,-20.692901110509343,62.431239614307025,174.50085436169837,-57.933275770545855,-1923.1329459914036,-2231.4878638926934,1072.690666413944,-0.44615372985759238,13.574373543525354,74.508463121683135,1,1,170,85,13,21,251,71,65,54,195,33,65,28,229,26,193,4,125,33,63,123,94,40,191,238,16,192,62,120,194,45,62,223,45,139,65,84,254,76,64,181,216,139,193,74,153,222,64,231,41,163,193,54,192,132,193,81,9,116,65,32,63,30,194,16,139,165,193,151,185,121,66,56,128,46,67,173,187,103,194,65,100,240,196,206,119,11,197,26,22,134,68,67,110,228,190,162,48,89,65,85,4,149,66,1,1,38
rand014,14,7.7472969007225387,19.279933725607478,-0.52900962091528281,0.55089263416524625,-0.15650418420481518,0.20598572165590723,0.79346936199374229,15.092403622668282,-23.606196919343514,23.058908559432702,-13.139226231739332,-20.841363436526411,-24.847823087944825,19.291422187003505,24.044364284918821,53.412913758637963,43.299747604397588,-66.989715743157873,-85.597417112165672,-1758.1499814605511,1935.1532460835851,-721.08660665080595,-4.4586926761146497,-16.496953845981206,-29.940112789786422,2,0,170,85,14,219,233,247,64,78,61,154,65,45,109,7,191,77,7,13,63,162,66,32,190,236,237,82,62,207,32,75,63,124,122,113,65,126,217,188,193,165,120,184,65,69,58,82,193,29,187,166,193,87,200,198,193,213,84,154,65,220,90,192,65,211,166,85,66,241,50,45,66,188,250,133,194,225,49,171,194,205,196,219,196,231,228,241,68,139,69,52,196,156,173,142,192,195,249,131,193,90,133,239,193,2,0,243
rand015,15,11.137264228153249,-2.1282079981343625,16.360855479024934,-0.8356886171668384,0.16432167341981455,0.4915200709711211,-0.1817441680352726,-10.569040179728868,-2.3849607470448788,-24.192693188580279,-4.7169765261889989,-2.3696749624878946,-5.5880434810001711,-41.962569571243691,-9.7928180436781034,-17.629225557126333,196.538894760522,161.23424453978342,44.89562510422396,-1468.9315427497363,443.96572100826262,-2249.6651350428388,4.1183792149935119,-12.310378557649976,162.06565215743851,0,1,170,85,15,60,50,50,65,143,52,8,192,8,227,130,65,176,239,85,191,241,67,40,62,133,168,251,62,37,27,58,190,202,26,41,193,50,163,24,192,163,138,193,193,121,241,150,192,193,168,23,192,65,209,178,192,172,217,39,194,98,175,28,193,167,8,141,193,245,137,68,67,247,59,33,67,31,149,51,66,207,157,183,196,157,251,221,67,164,154,12,197,195,201,131,64,80,247,68,193,207,16,34,67,0,1,3
rand016,0,0.44002745530817844,-13.185895811099224,-9.0268824590054582,-0.043901286320558598,-0.31733561385460435,-0.15654794282208348,0.93427165580311566,14.665059502697792,22.827448820936315,9.9911700852506495,17.372523400943052,3.175856438662239,-16.555011589530839,5.6716928578216175,11.751868889650821,-43.91107380779443,1.9787541676182241,-94.795466734403306,199.50447478209944,2142.5145001405181,2254.2812378730637,534.47680612981935,2.8853355116156387,21.63386084826492,68.764770698955815,1,0,170,85,0,71,75,225,62,110,249,82,193,28,110,16,193,214,209,51,189,208,121,162,190,27,78,32,190,109,44,111,63,21,164,106,65,157,158,182,65,213,219,31,65,238,250,138,65,59,65,75,64,170,112,132,193,130,126,181,64,168,7,60,65,241,164,47,194,209,71,253,63,71,151,189,194,37,129,71,67,59,232,5,69,128,228,12,69,132,158,5,68,86,169,56,64,38,18,173,65,144,135,137,66,1,0,25
rand017,1,15.97827256316649,16.341760343457238,5.3147087643363955,-0.6131089315914483,-0.65401518587619589,-0.38749942141448973,-0.21495528151118609,-24.297724115530762,14.928457513614706,4.6289991980574374,5.2099424296041477,-22.6336715539755,21.20842026558622,56.776105507736943,-51.203833545887719,-29.256645721527143,-47.718292908514535,155.15341715920889,226.10885374300977,-1996.7917138068269,-1214.105031843596,-2426.5148348260573,-0.84499917354982412,-10.837515230455164,-6.2740149568084043,2,1,170,85,1,1,167,127,65,237,187,130,65,24,18,170,64,181,244,28,191,138,109,39,191,83,102,198,190,61,29,92,190,189,97,194,193,246,218,110,65,195,32,148,64,217,183,166,64,194,17,181,193,216,170,169,65,187,26,99,66,186,208,76,194,156,13,234,193,136,223,62,194,70,39,27,67,222,27,98,67,86,153,249,196,92,195,151,196,61,168,23,197,222,81,88,191,118,102,45,193,187,196,200,192,2,1,199
rand018,2,9.2591454873346422,-13.363797352885742,13.293447765964162,0.28283668984983756,0.054812447152329559,-0.95460771324263649,0.075651281083828265,6.3942387597648693,-1.2236101584075676,14.951221222924859,4.0394758705977534,22.133554522660049,4.8890313274488948,-31.380497139462406,-51.921866798010868,-49.277035169439017,248.76738653572838,182.94031615267264,237.54337041121514,-2370.486883564221,814.16816312787853,1197.6256334742341,2.8359156904900096,-3.6298860969273985,-186.39466300381835,0,0,170,85,2,118,37,20,65,29,210,85,193,246,177,84,65,248,207,144,62,4,131,96,61,44,97,116,191,15,239,154,61,155,157,204,64,66,159,156,191,52,56,111,65,99,67,129,64,133,17,177,65,242,114,156,64,66,11,251,193,254,175,79,194,175,27,69,194,115,196,120,67,185,240,54,67,26,139,109,67,202,39,20,197,195,138,75,68,5,180,149,68,165,127,53,64,14,80,104,192,9,101,58,195,0,0,134
rand019,3,-1.0431508645586618,16.631350018956809,7.3117264040734824,0.0026898894643058104,0.25739534681177295,0.59414414415674488,0.76205848587793179,-24.185832634519521,-8.3260096940507733,-12.467109388561754,-4.8508250181730936,-3.9856109877705768,-19.742031453279658,-19.715623083254972,-15.693888400034307,-27.819662054340931,143.62538494126926,-159.95603946553899,59.817347762772641,2230.4349332581446,160.77593471997608,1899.9464111728398,4.1509024138993613,-20.704771398222533,-184.8819196641941,1,1,170,85,3,248,133,133,191,1,13,133,65,170,249,233,64,219,72,48,59,83,201,131,62,213,25,24,63,68,22,67,63,150,124,193,193,86,55,5,193,72,121,71,193,245,57,155,192,64,20,127,192,174,239,157,193,153,185,157,193,43,26,123,193,171,142,222,193,25,160,15,67,191,244,31,195,247,68,111,66,245,102,11,69,164,198,32,67,73,126,237,68,49,212,132,64,95,163,165,193,197,225,56,195,1,1,82
rand020,4,-14.518301949336909,10.513764480574633,-2.2329910282182008,0.20735147210663929,-0.062652738244496367,-0.37716995281468663,-0.90045701068926298,15.306650784437714,13.092448756938285,22.640487423389832,-7.402497164090299,-4.7611542616782687,11.244299378106698,-17.884034065392484,15.385691347354609,54.040991172845906,-221.65185264301991,-79.959953864820349,242.0062600798953,1514.2401117523957,870.64357141308665,1049.6746596244373,2.2076502316776283,20.701769456648041,-241.98199017055904,2,0,170,85,4,247,74,104,193,97,56,40,65,83,233,14,192,242,83,84,62,20,80,128,189,108,28,193,190,90,132,102,191,11,232,116,65,172,122,81,65,184,31,181,65,66,225,236,192,96,91,152,192,166,232,51,65,128,18,143,193,203,43,118,65,250,41,88,66,224,166,93,195,127,235,159,194,154,1,114,67,175,71,189,68,48,169,89,68,151,53,131,68,36,74,13,64,57,157,165,65,100,251,113,195,2,0,119
rand021,5,19.471772752029874,15.846690980871243,-15.493921847100028,-0.065052239669767156,-0.49184317240049408,0.32463781891437887,0.80527559655529102,-12.894595963633959,-4.328118938892878,23.087077225884389,-21.340345348215578,-5.0124302114624983,19.095172547902902,16.367742897592631,52.52441457696839,1.92870298681171,215.86605340675874,-148.61377789786644,-232.51432498531327,1311.3304592753639,404.39698509164623,4.5083255518152399,2.4213215215102837,5.9059269370928753,-42.326487745231347,0,1,170,85,5,49,198,155,65,12,140,125,65,27,231,119,193,28,58,133,189,222,210,251,190,238,54,166,62,139,38,78,63,68,80,78,193,243,127,138,192,86,178,184,65,7,185,170,193,212,101,160,192,234,194,152,65,35,241,130,65,0,25,82,66,189,223,246,63,182,221,87,67,33,157,20,195,171,131,104,195,147,234,163,68,208,50,202,67,52,68,144,64,239,246,26,64,90,253,188,64,83,78,41,194,0,1,220
rand022,6,-7.6263435403290831,3.3790322036849565,11.772714078739821,-0.76995675057135071,-0.62569787191534043,-0.10781572396296953,-0.063596737310665896,15.708433938648675,8.354515747721436,17.304511361903142,-2.8173979766377255,21.775824299290097,3.6188589042453034,-33.463815570464092,59.821444491628398,3.9537473744968743,-195.68235818888456,-181.82417037075817,104.67513968861309,-826.90762368790524,-544.67793922219289,1150.6786307107898,4.1094768832431781,9.9615355820152018,158.1221293632976,1,0,170,85,6,2,11,244,192,16,66,88,64,9,93,60,65,227,27,69,191,188,45,32,191,126,206,220,189,2,63,130,189,191,85,123,65,25,172,5,65,164,111,138,65,64,80,52,192,227,52,174,65,98,155,103,64,242,218,5,194,41,73,111,66,50,10,125,64,175,174,67,195,253,210,53,195,172,89,209,66,23,186,78,196,99,43,8,196,183,213,143,68,214,128,131,64,115,98,31,65,68,31,30,67,1,0,134
rand023,7,-22.527960361107269,23.140244771233043,7.7851294124435642,0.94501752660248917,-0.24891621977613718,0.060960519169892813,0.20314134254013555,18.405519228020424,-22.35893258036743,7.68021593946811,2.9156670624001348,22.298140198994236,3.3800317158032502,-45.173430037295333,8.3794172203403061,-44.025022328426353,88.862206396326144,133.87231111599661,-69.44323119142642,-632.11160894547095,-83.063116841770039,-555.57548578471176,-2.1598943731182088,-0.15550476559986204,-96.657081871836297,2,1,170,85,7,67,57,180,193,57,31,185,65,200,31,249,64,171,236,113,63,229,227,126,190,189,177,121,61,73,4,80,62,129,62,147,65,24,223,178,193,84,196,245,64,74,154,58,64,151,98,178,65,113,82,88,64,152,177,52,194,24,18,6,65,159,25,48,194,115,185,177,66,80,223,5,67,239,226,138,194,37,7,30,196,81,32,166,194,213,228,10,196,182,59,10,192,164,60,31,190,109,80,193,194,2,1,56
rand024,8,1.1144368984829844,-11.753547288378801,17.522585582956996,-0.17390422800237687,0.13380131417569258,-0.26690894611297633,0.93841043381487144,5.4484431709741044,9.6786383315979325,-2.3014465398522308,-11.260947661825504,-6.0980694396531812,-20.610145095766295,41.128446933482159,11.477403541742683,-42.949666475542656,160.4836603992143,-62.397062448127208,190.31467933432467,-695.28483588942925,2126.9707311498619,-1320.2670991317118,-4.9942334055697915,1.1298114033828188,166.97073713546257,0,0,170,85,8,222,165,142,63,136,14,60,193,65,46,140,65,243,19,50,190,54,3,9,62,74,168,136,190,171,59,112,63,165,89,174,64,180,219,26,65,230,74,19,192,215,44,52,193,99,35,195,192,148,225,164,193,136,131,36,66,114,163,55,65,117,204,43,194,209,123,32,67,152,150,121,194,143,80,62,67,59,210,45,196,136,239,4,69,140,8,165,196,195,208,159,192,169,157,144,63,130,248,38,67,0,0,175
rand025,9,-13.778510166002706,-24.600916753697476,-22.697567150510928,-0.73514101385107355,-0.0567137427288072,-0.46083414211198898,-0.49394648961564003,5.853442662010611,6.0171637203327801,12.945950413078794,-18.3099271878507,15.495266678446685,-15.206568760522533,22.735465746968906,56.719479646393715,34.085800524400923,-32.564147653251993,-52.122370000196319,80.868173197714,31.150876578953103,1714.4088040142585,1956.818968554192,0.5286005599371657,18.344548905073822,-167.48742027533947,1,1,170,85,9,199,116,92,193,173,206,196,193,158,148,181,193,52,50,60,191,171,76,104,189,116,242,235,190,142,230,252,190,103,79,187,64,155,140,192,64,157,34,79,65,187,122,146,193,157,236,119,65,27,78,115,193,60,226,181,65,191,224,98,66,220,87,8,66,176,65,2,194,79,125,80,194,129,188,161,66,255,52,249,65,21,77,214,68,53,154,244,68,94,82,7,63,163,193,146,65,200,124,39,195,1,1,252
rand026,10,4.9288752249800396,-5.8950009178229621,16.603070602019521,-0.80569718027156045,-0.42625557073580034,-0.25220165436110931,-0.32488854651506771,-17.01220903902901,22.454335880859748,-7.3637703943912278,-13.924079766527663,15.855181385062744,-1.6105827376556858,27.339175055612227,-12.791792458943956,30.029568600514661,-52.13388730346319,65.922959832385217,-8.5085628593351004,-583.04724218228682,1997.6506529275646,1931.5947395715039,4.2343998415873285,1.1140002995335407,114.78430392321792,2,0,170,85,10,89,185,157,64,217,163,188,192,23,211,132,65,44,66,78,191,44,62,218,190,147,32,129,190,203,87,166,190,1,25,136,193,123,162,179,65,2,164,235,192,8,201,94,193,211,174,125,65,147,39,206,191,161,182,218,65,47,171,76,193,142,60,240,65,26,137,80,194,142,216,131,66,19,35,8,193,6,195,17,196,210,180,249,68,8,115,241,68,52,128,135,64,144,151,142,63,144,145,229,66,2,0,27
rand027,11,5.0019015716721906,18.789188848418302,23.9156113363874,-0.16486167027679902,-0.95680832506473368,-0.20407815400420776,-0.12526198872202857,-14.336952084474252,10.477197896020151,-17.1885358097236,-15.290755798386513,23.025537121003918,-22.164761225276603,-42.361390358336443,17.249030626450306,-47.72567044484677,189.82457274678166,57.476660160309002,8.2776413358507384,-431.4814339770229,651.33439982960397,686.36795979501392,0.084549060321013059,20.778851236604279,-94.180257020215436,0,1,170,85,11,148,15,160,64,66,80,150,65,44,83,191,65,127,209,40,190,100,241,116,191,221,249,80,190,174,68,0,190,40,100,101,193,154,162,39,65,31,130,137,193,240,166,116,193,77,52,184,65,110,81,177,193,16,114,41,194,4,254,137,65,22,231,62,194,23,211,61,67,26,232,101,66,56,113,4,65,160,189,215,195,103,213,34,68,141,151,43,68,15,40,173,61,22,59,166,65,75,92,188,194,0,1,90
rand028,12,-4.1515277207209937,-10.260035495790982,-4.5989152416348098,-0.022259735293303176,-0.39735028486161089,-0.89652702820249708,-0.19456757953849321,-13.010124883868833,-1.2087609805687627,-20.317853628537737,7.4521865556005036,-5.6783299143988328,-19.199170126465486,20.845227271990471,-51.760225265042649,-37.988038822769958,-186.15388867607214,-160.1184878823077,-118.68648315696556,-1865.9320778623933,1368.7539048307085,-2031.4994458165859,4.7048714576382071,-0.88403330853136786,-64.563602699485415,1,0,170,85,12,81,217,132,192,27,41,36,193,80,42,147,192,12,90,182,188,127,113,203,190,204,130,101,191,185,60,71,190,121,41,80,193,174,184,154,191,247,138,162,193,80,120,238,64,225,180,181,192,231,151,153,193,7,195,166,65,120,10,79,194,192,243,23,194,101,39,58,195,85,30,32,195,123,95,237,194,212,61,233,196,32,24,171,68,251,239,253,196,79,142,150,64,2,80,98,191,145,32,129,194,1,0,180
rand029,13,15.774444345886218,-12.14908290578467,20.723497171299961,0.83523939677549031,-0.52587714553315512,0.13374812345734191,0.089105652748046646,-18.102028945684957,-8.8794207036558763,3.608950295411856,-2.1960561408358839,-2.0967115875519138,-22.16732445682112,4.9154833714850099,-11.949764593165856,36.119559460048926,57.294818422652604,127.86269809243311,-15.380650818451191,143.51286232784699,-725.28044506358412,1785.530307638119,3.8327960174488105,10.960056007600672,-143.0156798669725,2,1,170,85,13,32,100,124,65,165,98,66,193,185,201,165,65,64,210,85,63,226,159,6,191,69,245,8,62,6,125,182,61,245,208,144,193,27,18,14,193,11,249,102,64,47,140,12,192,134,48,6,192,174,86,177,193,164,75,157,64,60,50,63,193,110,122,16,66,229,45,101,66,180,185,255,66,37,23,118,193,75,131,15,67,243,81,53,196,248,48,223,68,136,76,117,64,100,92,47,65,4,4,15,195,2,1,143
rand030,14,6.3326264402464751,0.5088181431724903,3.6742601542284259,-0.74601687242924175,0.11802939048830102,0.56569240849564228,0.33093804254309017,7.0143931300747751,-20.232883422671289,-5.7194844705229624,15.487873538824475,18.904809088878178,22.374634212989662,-17.680695300942688,-6.3253020204095245,-51.941586731139381,198.13929316144024,203.02108800005863,-167.09904637103767,-1522.4729933230813,-2165.7821312614651,-641.11222682913137,4.7591882024352419,-22.487815721799532,212.05483923187612,0,0,170,85,14,224,164,202,64,232,65,2,63,20,39,107,64,246,250,62,191,101,185,241,61,56,209,16,63,182,112,169,62,233,117,224,64,242,220,161,193,4,6,183,192,84,206,119,65,13,61,151,65,64,255,178,65,16,114,141,193,224,104,202,192,47,196,79,194,169,35,70,67,102,5,75,67,91,25,39,195,35,79,190,196,132,92,7,197,47,71,32,196,69,75,152,64,12,231,179,193,10,14,84,67,0,0,213
rand031,15,0.72868966342388708,1.8224321988523695,13.192567949902006,0.47910854861170704,-0.14188944855330113,0.84353767195433427,0.19689230312606362,20.885045887562047,8.9169763728435498,-21.923688681184778,2.1445840559227602,-19.689778418467462,4.6648679912828843,-18.123446092454852,-7.5026724116353583,21.937052668723531,-100.31014596532562,-94.621709489085276,149.56372109979921,1434.2586655417033,-587.10912764586681,273.67777083937841,-0.44672092792589102,14.650632952251119,63.835454521264658,1,1,170,85,15,104,139,58,63,117,69,233,63,194,20,83,65,183,77,245,62,120,75,17,190,22,242,87,63,35,158,73,62,147,20,167,65,239,171,14,65,183,99,175,193,221,64,9,64,171,132,157,193,153,70,149,64,209,252,144,193,228,21,240,192,21,127,175,65,203,158,200,194,81,62,189,194,80,144,21,67,71,72,179,68,252,198,18,196,193,214,136,67,155,184,228,190,254,104,106,65,129,87,127,66,1,1,3
rand032,0,-22.194405951690165,-14.025373156121578,-19.005603703263752,0.10518489135706144,0.64167425887331608,-0.17104087271826146,0.74022652207912631,-19.226730948604754,-18.539865930565991,-1.8394558543532558,13.081586445124666,10.609251315339913,14.334787417243783,9.9366685257576304,6.6383738179771479,33.235850847133854,91.9804779708886,32.258352517465781,97.457622144398186,832.57296970576215,-520.19536690797725,1220.6843629190146,0.40616711361205371,0.85815606920343068,-15.444687802421864,2,0,170,85,0,37,142,177,193,238,103,96,193,122,11,152,193,45,107,215,61,196,68,36,63,87,37,47,190,124,127,61,63,88,208,153,193,165,81,148,193,74,115,235,191,46,78,81,65,126,191,41,65,74,91,101,65,152,252,30,65,143,109,212,64,131,241,4,66,1,246,183,66,142,8,1,66,77,234,194,66,172,36,80,68,129,12,2,196,230,149,152,68,35,245,207,62,30,176,91,63,113,29,119,193,2,0,171
rand033,1,11.983164958040016,11.465707747579412,-12.029192377597569,0.11481735723378345,0.72699116248046602,0.24797392318346509,0.62992837495555898,-8.8387728681660995,12.427149289683948,-22.533957617117817,-13.111970298640729,21.630818557160858,4.7544390694190977,-13.936778622137616,-47.308758893454971,-28.929898305177304,-98.962942978820521,237.55235239572292,209.16125272848751,253.72970640994808,130.12684531695407,-1805.2942059773486,-0.94107514573766426,11.871910615880626,-211.77644555516545,0,1,170,85,1,11,187,63,65,138,115,55,65,146,119,64,193,93,37,235,61,24,28,58,63,224,236,125,62,252,66,33,63,157,107,13,193,154,213,70,65,140,69,180,193,161,202,81,193,235,11,173,65,93,36,152,64,12,253,94,193,43,60,61,194,111,112,231,193,7,237,197,194,103,141,109,67,72,41,81,67,206,186,125,67,121,32,2,67,106,169,225,196,77,234,112,191,89,243,61,65,197,198,83,195,0,1,184
rand034,2,-11.896827565321932,24.805216772842414,2.238124978739914,-0.70171121283655924,0.067394469578927391,0.18484605792464609,0.6847563757420142,-6.8353933682102745,-23.606193643823374,-21.12472576034564,6.5135301300274282,16.66035715542013,-4.9828133436398918,17.033036728031679,-0.91199840167410784,-17.334770929553926,193.67889609165562,-222.62953727117662,-40.40138195528931,-137.35606916450539,2376.3182337185563,1959.4195997892523,-0.3273056595506274,-10.005378082101318,-201.6741951036758,1,0,170,85,2,104,89,62,193,21,113,198,65,113,61,15,64,89,163,51,191,29,6,138,61,73,72,61,62,50,76,47,63,139,187,218,192,124,217,188,193,112,255,168,193,215,110,208,64,105,72,133,65,53,115,159,192,169,67,136,65,186,120,105,191,156,173,138,193,204,173,65,67,41,161,94,195,4,155,33,194,39,91,9,195,23,133,20,69,109,237,244,68,155,148,167,190,7,22,32,193,152,172,73,195,1,0,105
rand035,3,11.54402900526641,-22.089935867797934,11.67201406246266,-0.55103934083181516,-0.48648292297450879,-0.049497013316816454,-0.67619527962159853,8.8638343050172548,-8.4098512092249109,9.3047211235077025,-1.0878170579675439,23.042344929345198,-17.004183148919015,-0.41080842915282911,-8.9070684061109482,13.038481987061292,197.78842260322344,-118.48411221580551,-217.56500811998703,274.52550863485357,967.0060975937472,517.07858932074635,1.8646924464287118,-21.753872667465718,-9.6668221572764885,2,1,170,85,3,88,180,56,65,48,184,176,193,146,192,58,65,234,16,13,191,74,20,249,190,97,189,74,189,34,27,45,191,68,210,13,65,192,142,6,193,35,224,20,65,151,61,139,191,185,86,184,65,145,8,136,193,124,85,210,190,90,131,14,193,159,157,80,65,214,201,69,67,222,247,236,194,164,144,89,195,68,67,137,67,100,192,113,68,8,69,1,68,62,174,238,63,238,7,174,193,78,171,26,193,2,1,61
rand036,4,-21.616937274915575,-12.179535925797785,17.270214288026853,-0.54951488614987409,0.21232647922605491,0.18075695889969359,-0.78757715680972684,16.02142805662654,-18.679359806651689,-3.1700335786737144,11.902035483120461,12.039115909772907,23.330165946709506,12.343016240888334,7.3776790083758526,1.5168925378728026,6.4899858774169488,197.60879477911686,-75.207848651004937,-1169.5903527658102,-2261.6677446086646,-909.50967013610602,3.1675434041857695,-18.187242224667639,183.49280959957699,0,0,170,85,4,125,239,172,193,97,223,66,193,102,41,138,65,2,173,12,191,29,108,89,62,90,24,57,62,168,158,73,191,226,43,128,65,84,111,149,193,213,225,74,192,189,110,62,65,56,160,64,65,46,164,186,65,255,124,69,65,242,21,236,64,137,41,194,63,247,173,207,64,218,155,69,67,107,106,150,194,228,50,146,196,175,90,13,197,158,96,99,196,8,185,74,64,121,127,145,193,41,126,55,67,0,0,103
rand037,5,-3.5006497152411331,12.029311396664138,-22.82682217288114,-0.18535628119048717,0.76239229182481716,0.30199718656507346,0.54147829291312866,14.426962241170393,23.495934659237484,-0.60529994005330545,3.5269868530621085,15.212125218686129,-10.822385446069093,23.720946348016536,38.671105082730968,-27.198983453447745,80.90636008827606,136.76075594090008,-155.0011898791258,1694.2395266616822,1662.2536257828597,-1477.9578697289476,-0.18744042676422601,13.593124391443457,-26.907670386405346,1,1,170,85,5,165,10,96,192,15,120,64,65,85,157,182,193,9,206,61,190,36,44,67,63,96,159,154,62,82,158,10,63,214,212,102,65,173,247,187,65,240,244,26,191,39,186,97,64,221,100,115,65,126,40,45,193,128,196,189,65,54,175,26,66,133,151,217,193,14,208,161,66,193,194,8,67,78,0,27,195,170,199,211,68,30,200,207,68,167,190,184,196,98,240,63,190,112,125,89,65,233,66,215,193,1,1,95
rand038,6,-5.392371376338251,10.310932887417385,-8.8631200951908244,0.44862808836603379,-0.33465119519405584,0.79505613953734966,-0.23372451918486106,2.985629823281466,-19.464631620082578,-16.969172858238181,14.560061509392458,23.47865471128307,-0.53090899104596412,-44.324654587364456,2.4298770184758212,54.196681273574512,204.25053526834003,91.022488321855604,222.23097342879583,401.43737869777931,-2494.0246801808048,2043.8659763990358,-2.8913081756131764,-24.333340059671166,-40.696642686220642,2,0,170,85,6,78,142,172,192,149,249,36,65,87,207,13,193,149,178,229,62,103,87,171,190,205,136,75,63,123,85,111,190,143,20,63,64,145,183,155,193,222,192,135,193,3,246,104,65,73,212,187,65,167,233,7,191,114,76,49,194,27,131,27,64,103,201,88,66,35,64,76,67,132,11,182,66,33,59,94,67,252,183,200,67,101,224,27,197,182,123,255,68,49,11,57,192,174,170,194,193,93,201,34,194,2,0,62
rand039,7,-2.6212866573000539,12.602535492091954,5.8951654889903224,0.26771380699686448,-0.6353181677056291,-0.46272195159673124,-0.5573047091465495,-14.362550513821814,-7.9381365354310844,-0.47092638361801997,11.329195899972227,20.732447287553768,5.1667001346594024,-16.797705050415885,57.534114668559184,-40.8046984805802,188.6227970840178,-61.028241437968035,223.67730381992652,-1639.5262972086898,-582.60885233754163,-2174.0653048900781,4.0012068638436569,-18.486936856537955,41.965736138235791,0,1,170,85,7,41,195,39,192,252,163,73,65,50,165,188,64,201,17,137,62,54,164,34,191,228,233,236,190,133,171,14,191,2,205,101,193,55,5,254,192,67,29,241,190,99,68,53,65,13,220,165,65,156,85,165,64,179,97,134,193,239,34,102,66,3,56,35,194,112,159,60,67,235,28,116,194,100,173,95,67,215,240,204,196,247,166,17,196,11,225,7,197,227,9,128,64,63,229,147,193,234,220,39,66,0,1,246
rand040,8,-23.499779823346145,-19.340153999975527,6.9310010552802055,-0.45912919604846425,0.87805794205925014,0.1322378153480773,-0.026977618770625978,-2.0536339146356939,12.030609687010374,6.7609086584859757,-22.808966321837477,-23.376387570536316,-11.120902225103713,8.2330769263093551,-37.863164955524063,-3.2994539682481427,114.87403846786998,-43.354999529824966,-198.93546942479779,-178.26976910830294,820.31149136584827,2360.7938582649713,4.2414217377886443,14.032778697336095,135.90514381793517,1,0,170,85,8,141,255,187,193,163,184,154,193,195,202,221,64,251,18,235,190,104,200,96,63,90,105,7,62,43,0,221,188,189,110,3,192,97,125,64,65,93,89,216,64,195,120,182,193,215,2,187,193,55,239,49,193,175,186,3,65,226,115,23,194,65,42,83,192,130,191,229,66,133,107,45,194,123,239,70,195,16,69,50,195,239,19,77,68,180,140,19,69,186,185,135,64,67,134,96,65,184,231,7,67,1,0,80
rand041,9,-6.386636495635889,-0.92240097799067833,5.8495958974747522,0.14323918190385054,-0.53160335391349434,-0.70151625001382367,0.45249901860886077,-20.920144301930186,-12.52690549174425,-19.033339053349184,-14.414042365899338,20.725360898142231,9.5918997990040005,-12.832146153155403,45.239304006514196,-35.092011229012201,88.672484598050943,139.41471829238739,-63.979390572343142,-821.36740087904445,-721.38911936193267,-517.74161386832498,-3.7020590815000731,-1.9224901932179406,217.68881229280203,2,1,170,85,9,84,95,204,192,120,34,108,191,228,47,187,64,75,173,18,62,40,23,8,191,146,150,51,191,244,173,231,62,117,92,167,193,52,110,72,193,71,68,152,193,235,159,102,193,138,205,165,65,108,120,25,65,120,80,77,193,12,245,52,66,56,94,12,194,80,88,177,66,43,106,11,67,229,234,127,194,131,87,77,196,231,88,52,196,119,111,1,196,137,238,108,192,41,20,246,191,86,176,89,67,2,1,240
rand042,10,-5.0693081604344936,-0.73764326904821598,-0.74456076579005326,0.084855240202356352,0.64667804094028614,-0.75572538933304678,0.059044351916579661,22.860430552434387,23.569554592767211,15.777366425695233,19.572571682812239,21.841194093564326,19.617415937230792,-56.480438854126518,8.2711027842901466,11.025311415960438,-206.20677210841097,76.451770753621972,14.599679480665539,995.27636533006171,-73.10744406651915,744.75521972686033,2.517284898676496,-8.7653044250827374,108.0927720345063,0,0,170,85,10,198,55,162,192,48,214,60,191,137,155,62,191,150,200,173,61,177,140,37,63,56,119,65,191,126,216,113,61,41,226,182,65,115,142,188,65,24,112,124,65,160,148,156,65,196,186,174,65,120,240,156,65,248,235,97,194,112,86,4,65,173,103,48,65,239,52,78,195,78,231,152,66,74,152,105,65,176,209,120,68,3,55,146,194,86,48,58,68,50,27,33,64,176,62,12,193,128,47,216,66,0,0,19
rand043,11,-22.329743008955738,-8.4394393630788205,-21.362085080135113,-0.7521801206065345,0.0048515297387214905,0.36102360739378375,0.5512381370405286,21.259701021384426,12.152575250773918,11.65104969490957,24.039550747041915,20.8469582182564,16.891154818615828,-17.72071665824128,-0.81976726083494267,-53.94179082204888,129.70549849802316,9.5329280812096471,0.45862238586091841,2492.3596957550712,128.95110098298301,2347.6968734759412,-3.9750560948499691,17.517133923717882,-204.05754565248026,1,1,170,85,11,80,163,178,193,242,7,7,193,141,229,170,193,224,142,64,191,149,249,158,59,22,216,184,62,241,29,13,63,222,19,170,65,243,112,66,65,179,106,58,65,0,81,192,65,146,198,166,65,22,33,135,65,7,196,141,193,68,220,81,191,101,196,87,194,156,180,1,67,224,134,24,65,142,208,234,62,193,197,27,69,123,243,0,67,38,187,18,69,82,103,126,192,23,35,140,65,187,14,76,195,1,1,129
rand044,12,-0.38101244405758794,12.507869036476881,-3.0711508849730729,0.2064142260750807,0.13885060348978367,-0.83767815183587058,-0.48621907729046243,18.311741769706003,13.304364711014488,-9.2371861067627119,23.926867447790556,2.9443034023148353,1.6379121279816056,18.801236621744877,12.844998258344745,-18.904467866927956,-76.942983230111011,-129.481628210737,-87.440111860717707,1514.579247870736,-2325.2342736599794,496.21077101501987,-0.52335995656036749,13.35027736085207,-132.9436669178624,2,0,170,85,12,16,20,195,190,59,32,72,65,188,141,68,192,64,94,83,62,218,46,14,62,19,114,86,191,181,241,248,190,114,126,146,65,174,222,84,65,132,203,19,193,57,106,191,65,120,111,60,64,27,167,209,63,239,104,150,65,29,133,77,65,90,60,151,193,207,226,153,194,76,123,1,195,86,225,174,194,137,82,189,68,192,83,17,197,251,26,248,67,235,250,5,191,188,154,85,65,148,241,4,195,2,0,215
rand045,13,9.7023607592618806,-24.551143398350806,-16.02756899341507,0.12080431642521602,0.16946433869657604,0.97454154919188873,0.083408176708532136,0.58101900087699221,21.691193231089535,14.784048147073614,2.0073384969890808,-18.706171778633973,3.4605881093260793,-48.157964305149498,4.9698763788321498,-37.757007083694553,218.20408582143986,-136.65941174984047,26.706205591508379,1870.3598864181427,692.39322554659861,978.10789611754217,2.5515439347993785,18.838847179000584,24.513560889247277,0,1,170,85,13,223,60,27,65,190,104,196,193,118,56,128,193,65,104,247,61,15,136,45,62,142,123,121,63,232,209,170,61,169,189,20,63,144,135,173,65,118,139,108,65,60,120,0,64,61,166,149,193,71,122,93,64,193,161,64,194,58,9,159,64,45,7,23,194,63,52,90,67,207,168,8,195,79,166,213,65,132,203,233,68,43,25,45,68,232,134,116,68,127,76,35,64,246,181,150,65,198,27,196,65,0,1,81
rand046,14,19.913652125305326,22.421804708394166,-20.177146395819289,0.45520763959405014,0.2391927626027249,-0.57924694351847372,-0.63249174350199699,-18.682096236247482,-22.730588380654243,10.473791280026962,5.4679627919127896,-13.257171927489992,8.3045649988706725,13.433386837940059,-51.446177049353629,43.963878587585235,54.069954574050172,-37.588314313260653,212.04978545338415,1815.8455339312218,-1022.3085221595157,-419.55758304421886,1.0555890879463226,19.314259620916058,-44.581550241842017,1,0,170,85,14,41,79,159,65,219,95,179,65,204,106,161,193,250,16,233,62,243,238,116,62,135,73,20,191,251,234,33,191,239,116,149,193,63,216,181,193,166,148,39,65,141,249,174,64,96,29,84,193,128,223,4,65,39,239,86,65,227,200,77,194,3,219,47,66,162,71,88,66,111,90,22,194,191,12,84,67,15,251,226,68,191,147,127,196,95,199,209,195,139,29,135,63,155,131,154,65,130,83,50,194,1,0,117
rand047,15,-24.818138869673557,5.9654025291577479,-0.22892384187805925,-0.12102085992558394,-0.76938222648124355,-0.29735131400485965,-0.5522564052115827,-2.1086630701551479,3.5058784560536016,-7.0244581343418826,23.49299699844547,24.288384792452277,23.922658732066754,-9.1406309520126428,-12.982007493026021,-24.158430795753286,-70.799348414788184,-111.60167390382047,79.663705063405089,1357.9130118044498,-584.00724619997345,334.80312046764436,-4.5439599799867016,-24.956582661468296,-0.91321177027131606,2,1,170,85,15,140,139,198,193,148,228,190,64,3,107,106,190,201,217,247,189,60,246,68,191,110,62,152,190,173,96,13,191,86,244,6,192,80,96,96,64,92,200,224,192,168,241,187,65,157,78,194,65,155,97,191,65,6,64,18,193,77,182,79,193,119,68,193,193,68,153,141,194,15,52,223,194,209,83,159,66,55,189,169,68,119,0,18,196,205,102,167,67,31,104,145,192,21,167,199,193,63,200,105,191,2,1,130
rand048,0,-10.311658730490075,22.955185866128701,-19.559873952436469,-0.87064525908178192,0.18637874634241755,-0.30280498370638642,0.33992489993058894,12.712946974141831,-22.040170663425364,-21.527872389544267,12.827409425822994,16.880223233576285,-21.92777561265542,28.953909733010846,-30.122635946531396,-10.480579091285236,-105.33763188314083,112.96640852229983,-55.70298934429524,-901.63564900031133,-1843.9564154663124,803.55383062758131,-0.055256643565744223,13.645433560592679,85.785898016971458,0,0,170,85,0,142,252,36,193,56,164,183,65,159,122,156,193,156,226,94,191,18,218,62,62,65,9,155,190,163,10,174,62,59,104,75,65,69,82,176,193,21,57,172,193,18,61,77,65,178,10,135,65,22,108,175,193,155,161,231,65,41,251,240,193,116,176,39,193,222,172,210,194,205,238,225,66,220,207,94,194,174,104,97,196,155,126,230,196,114,227,72,68,202,84,98,189,178,83,90,65,97,146,171,66,0,0,220
rand049,1,-18.65707257653975,-3.8656776190828079,9.7687321448849112,-0.56061579640721759,0.60148293584188206,0.41184295226409445,-0.39282768408059826,24.644922784699713,10.334128921635966,23.838530287498717,13.781740653596492,-23.84379239554756,-12.487758215118278,14.855267446934182,58.114003824148313,-35.394817362230249,95.701035174259871,-22.021043108291394,-10.922503347843671,-554.4324061797912,343.1777841156358,2110.0355191740082,3.4096974716576467,17.777808890077555,156.55186484126949,1,1,170,85,1,175,65,149,193,67,103,119,192,186,76,28,65,132,132,15,191,201,250,25,63,20,221,210,62,182,32,201,190,205,40,197,65,152,88,37,65,79,181,190,65,2,130,92,65,22,192,190,193,220,205,71,193,45,175,109,65,189,116,104,66,75,148,13,194,238,102,191,66,25,43,176,193,147,194,46,193,173,155,10,196,194,150,171,67,145,224,3,69,124,56,90,64,244,56,142,65,71,141,28,67,1,1,81
rand050,2,-24.791122861098678,24.945394084270649,-0.10056009824125356,-0.83548884430765979,0.14022931088215324,-0.01111110440840051,0.53119739717528103,-10.369822278371471,-14.160483411525277,17.69231637995566,8.0642824677534026,12.280359952723241,23.533341967607395,22.757544050029033,-27.745867532992314,6.9648546866733207,-216.44358238801763,168.06469993852247,70.354479627004025,1129.2318694784869,484.32854351767031,1505.0541301907022,4.6915481936313341,-9.304800232374582,207.22876138202366,2,0,170,85,2,56,84,198,193,43,144,199,65,116,242,205,189,153,226,85,191,70,152,15,62,90,11,54,188,141,252,7,63,203,234,37,193,87,145,98,193,221,137,141,65,77,7,1,65,91,124,68,65,73,68,188,65,115,15,182,65,137,247,221,193,23,224,222,64,143,113,88,195,144,16,40,67,126,181,140,66,107,39,141,68,14,42,242,67,187,33,188,68,42,33,150,64,118,224,20,193,144,58,79,67,2,0,45
rand051,3,8.545712556590928,-11.318589261777262,-16.63836184017708,-0.023237619842388334,0.97688221528725128,-0.19955213281418854,0.073075965740053539,11.968121825533389,-13.058203239690386,-2.4944920925840997,-21.537997590116198,-3.015925260232033,7.7334185029062583,15.260238053437121,39.705844781100353,-6.2190816127165593,-9.2461965232258354,-20.953635948130156,-110.61429498726183,-2106.6886782904921,-462.26955764149312,1155.421148678621,4.3114221122666798,3.682766296773865,-28.717454205077875,0,1,170,85,3,61,187,8,65,241,24,53,193,93,27,133,193,210,92,190,188,244,20,122,63,101,87,76,190,218,168,149,61,109,125,63,65,103,238,80,193,194,165,31,192,210,77,172,193,235,4,65,192,42,120,247,64,239,41,116,65,201,210,30,66,183,2,199,192,108,240,19,193,12,161,167,193,133,58,221,194,5,171,3,197,129,34,231,195,122,109,144,68,44,247,137,64,113,178,107,64,89,189,229,193,0,1,190
rand052,4,1.0385085352400625,5.0035661913470975,-1.076222504648755,-0.016501951558485065,-0.42610953310339988,0.89599842430349386,-0.12387564344462626,24.686741890461178,-13.227110738779096,21.380100185664464,-23.173487545021036,11.059485751181263,-14.832596462980419,-31.533216503038616,-29.551109742638499,36.499182561701232,50.557342240798221,-123.78579662179141,-215.31350423580596,-10.366713378673897,-120.78038933670709,414.11960612686869,-1.9672870917964869,14.800652359071581,-17.0320992214798,1,0,170,85,4,217,237,132,63,55,29,160,64,169,193,137,191,26,47,135,188,7,43,218,190,39,96,101,63,131,178,253,189,115,126,197,65,63,162,83,193,114,10,171,65,77,99,185,193,167,243,48,65,81,82,109,193,7,68,252,193,172,104,236,193,42,255,17,66,184,58,74,66,84,146,247,194,66,80,87,195,15,222,37,193,143,143,241,194,79,15,207,67,16,208,251,191,121,207,108,65,189,65,136,193,1,0,106
rand053,5,1.1195447994592433,6.2158290742965026,-11.174227280051269,0.37640869756713075,-0.90561168860371588,-0.033608514047994663,-0.19249527174356365,-11.451831257049028,22.817102464406698,-17.985226281490235,10.428462850369991,1.8997856832707161,12.395157213030616,-34.681356573644571,-50.088120186869666,-44.88586704874551,-24.686268999920379,234.4461532324359,-97.438997925694764,500.763039032856,-1895.7564265379306,-182.38476636182722,0.17033280300203346,0.31480056012367363,110.91323809907172,2,1,170,85,5,62,77,143,63,18,232,198,64,163,201,50,193,164,184,192,62,43,214,103,191,21,169,9,189,123,29,69,190,179,58,55,193,109,137,182,65,190,225,143,193,252,218,38,65,45,44,243,63,144,82,70,65,182,185,10,194,60,90,72,194,33,139,51,194,123,125,197,193,55,114,106,67,196,224,194,194,171,97,250,67,53,248,236,196,128,98,54,195,185,107,46,62,138,45,161,62,148,211,221,66,2,1,112
rand054,6,18.482350968548701,-11.812491640391492,7.6256732178983651,-0.087203575077761553,-0.13179324486464777,0.83085661431531432,0.53357601478158423,-24.654141639758926,22.54929254983281,-4.3550537550584192,22.672496028504234,10.119468817903515,21.101846052613666,0.57959583291348427,27.890469051877822,-59.791702351115347,-238.38679423355364,-112.92529026523034,-240.73419074457604,2385.8261561232907,26.343085754775842,100.5297040752734,-3.0103450824964395,11.430197137255133,-7.771576515707701,0,0,170,85,6,219,219,147,65,247,255,60,193,132,5,244,64,202,151,178,189,207,244,6,190,5,179,84,63,112,152,8,63,175,59,197,193,243,100,180,65,154,92,139,192,70,97,181,65,88,233,33,65,149,208,168,65,100,96,20,63,174,31,223,65,180,42,111,194,5,99,110,195,192,217,225,194,244,187,112,195,56,29,21,69,164,190,210,65,53,15,201,66,126,169,64,192,22,226,54,65,193,176,248,192,0,0,203
rand055,7,-18.399702378400473,-16.400999803301964,-13.845951515400795,-0.1066465697252857,-0.73242922161581436,0.65106823245062562,-0.16817877744442189,-19.434777261557624,-11.636364396961262,-4.3691785368451868,-8.5727151311164089,-24.048311871106726,11.560440250791565,-47.333435257653164,-26.05274169176219,-0.43231616147938912,15.653089160200917,161.13314899104998,-60.405512302952161,-2462.9357734327136,1720.9547982776573,-495.82688827593699,-2.7677440749466942,7.9825794230356131,65.107961408383545,1,1,170,85,7,151,50,147,193,63,53,131,193,4,137,93,193,132,105,218,189,123,128,59,191,104,172,38,63,15,55,44,190,109,122,155,193,140,46,58,193,80,208,139,192,215,41,9,193,241,98,192,193,144,247,56,65,112,85,61,194,4,108,208,193,139,88,221,190,14,115,122,65,22,34,33,67,63,159,113,194,249,238,25,197,142,30,215,68,215,233,247,195,184,34,49,192,74,113,255,64,71,55,130,66,1,1,68
rand056,8,-23.964855630891158,5.5238125082045508,15.678790544543791,0.51114351274356351,-0.25924276565360943,0.17593294985781929,-0.80035810422008236,24.413597823087365,15.445412969126131,-4.0727623418221839,10.934463887753248,1.1531131187064503,-15.723036118185385,-25.522971048224097,27.804796740683603,-45.568827098882856,50.307901553156675,2.0316559984567273,-173.44358955405013,-1941.1951877060501,-2305.4577330186248,-882.94271787323521,4.3872881045293868,-19.777644954645773,53.804929633283763,2,0,170,85,8,6,184,191,193,18,195,176,64,83,220,122,65,77,218,2,63,120,187,132,190,196,39,52,62,69,228,76,191,12,79,195,65,105,32,119,65,18,84,130,192,144,243,46,65,54,153,147,63,142,145,123,193,11,47,204,193,57,112,222,65,123,70,54,194,75,59,73,66,167,6,2,64,143,113,45,195,63,166,242,196,83,23,16,197,85,188,92,196,170,100,140,64,158,56,158,193,63,56,87,66,2,0,224
rand057,9,-24.914057892787334,1.0055280425212976,-3.0927465752175811,-0.60036081923966256,0.15274492712094653,0.60607617529906077,0.49890634762003205,-4.892993323580602,16.893905478260589,-20.464021999448491,-17.2065141416542,23.641837500813324,20.116305393012013,51.423523391741043,56.732670469637313,-25.13580016034787,-37.700067293552799,-155.36719824723912,-241.74593547274148,36.871616296224595,-1735.4589436557244,-1357.8789247579514,-2.8631007957634691,-0.32200245063011002,-162.06863535027549,0,1,170,85,9,254,79,199,193,37,181,128,63,143,239,69,192,63,177,25,191,43,105,28,62,207,39,27,63,167,112,255,62,103,147,156,192,184,38,135,65,81,182,163,193,241,166,137,193,124,34,189,65,50,238,160,65,176,177,77,66,65,238,98,66,30,22,201,193,222,204,22,194,1,94,27,195,246,190,113,195,137,124,19,66,176,238,216,196,32,188,169,196,11,61,55,192,129,221,164,190,146,17,34,195,0,1,13
rand058,10,22.010785690807044,17.009044182556394,-22.860826348410761,0.39749217347750665,0.56437243886743305,-0.43048538410122505,0.58152046941287805,3.0596414969743191,21.132544623750587,19.083629990345685,11.696704763409393,16.192843153822174,-12.43555239680671,1.8854768414292877,-57.181168013593833,-4.119573506806038,-237.30282367596851,67.774297536508925,213.87333264502988,239.43594909256294,785.21433836248764,-2096.8284163161647,2.5446161392983568,20.891806615332527,-76.264593196981366,1,0,170,85,10,23,22,176,65,134,18,136,65,249,226,182,193,24,132,203,62,182,122,16,63,149,104,220,190,135,222,20,63,43,209,67,64,116,15,169,65,70,171,152,65,180,37,59,65,241,138,129,65,6,248,70,193,78,87,241,63,132,185,100,194,140,211,131,192,134,77,109,195,113,140,135,66,147,223,85,67,154,111,111,67,184,77,68,68,65,13,3,197,254,218,34,64,108,34,167,65,121,135,152,194,1,0,191
rand059,11,4.9177753056913023,-1.6508355637120609,23.308977883325465,-0.78031903446217177,0.20498031850185763,0.58847277302475398,0.052773751917570992,9.0337965558640825,24.277988053577022,-17.961453822579454,-21.996105591198216,-24.491006894578277,-18.115324610943663,41.169026676483305,14.750534260856023,-22.086776616626548,-197.16457881333886,232.78496192346748,232.46321833620627,1637.4460664310559,-1123.8641507247482,2371.7251579538151,1.0472243400168169,17.724269040874297,237.71261722961074,2,1,170,85,11,106,94,157,64,148,78,211,191,201,120,186,65,253,194,71,191,92,230,81,62,39,166,22,63,74,41,88,61,110,138,16,65,82,57,194,65,15,177,143,193,6,248,175,193,149,237,195,193,47,236,144,193,21,173,36,66,48,2,108,65,184,177,176,193,34,42,69,195,243,200,104,67,149,118,104,67,70,174,204,68,167,123,140,196,154,59,20,69,114,11,134,63,78,203,141,65,110,182,109,67,2,1,84
rand060,12,-7.1010113475320438,8.7040612213822257,17.636834167233751,0.61064967047770935,0.78417421408707499,-0.032394219766762739,-0.10549121495217394,-14.423767920658982,10.095239263084931,13.367347536633661,-5.7112174484361677,-2.0906326893601723,-1.2228785101847828,-18.713364802065659,50.944712237993805,-40.801443889820916,139.72144851474826,211.93038374759871,-234.32059891063483,-2037.7106948053824,918.71505734345442,-1552.4888820260508,1.8670418416916235,8.4715474868829137,-191.00161465790754,0,0,170,85,12,124,59,227,192,214,67,11,65,61,24,141,65,137,83,28,63,164,191,72,63,205,175,4,189,199,11,216,189,193,199,102,193,26,134,33,65,168,224,85,65,75,194,182,192,237,204,5,192,72,135,156,191,249,180,149,193,99,199,75,66,174,52,35,194,177,184,11,67,46,238,83,67,19,82,106,195,190,182,254,196,195,173,101,68,165,15,194,196,58,251,238,63,117,139,7,65,106,0,63,195,0,0,1
